Country,1948,1949,1950,1951,1952,1953,1954,1955,1956,1957,1958,1959,1960,1961,1962,1963,1964,1965,1966,1967,1968,1969,1970,1971,1972,1973,1974,1975,1976,1977,1978,1979,1980,1981,1982,1983,1984,1985,1986,1987,1988,1989,1990,1991,1992,1993,1994,1995,1996,1997,1998,1999,2000,2001,2002,2003,2004,2005,2006,2007,2008,2009,2010,2011,2012,2013,2014,2015,2016,2017,2018,2019,2020,2021,2022,2023
Algeria,,,,,,,,,,,,,1.61,1.92,2.215,2.51,3.5,3.42,3.51,3.02,2.61,2.39,2.13,2.09,1.8,1.69,1.96,2.13,2.7,2.24,2.38,2.14,2.1,1.82,2.06,1.95,1.76,1.64,1.79,1.86,1.75,1.54,1.46,1.21,2.14,2.51,3.15,2.94,3.09,3.64,3.97,3.76,3.43,3.82,3.7,3.25,3.28,2.83,2.64,2.92,3.02,3.85,3.52,4.33,4.46,4.84,5.55,6.27,6.38,5.92,5.48,6.0,6.66,5.57,4.7,8.17
Libya,,,,,,,,,,,,,1.59,1.86,3.1,2.41,1.84,1.86,2.91,3.36,2.86,3.76,6.07,5.32,3.71,3.98,3.29,2.25,1.97,2.46,3.8,3.22,2.92,1.76,2.24,2.3626666666666667,2.4853333333333336,2.608,2.730666666666667,2.8533333333333335,2.976,3.098666666666667,3.2213333333333334,3.3440000000000003,3.466666666666667,3.5893333333333333,3.712,3.8346666666666667,3.9573333333333336,4.08,5.3,3.78,3.15,2.41,2.07,2.07,2.07,1.53,1.12,0.95,1.49,2.0549999999999997,2.62,3.1849999999999996,3.75,7.64,15.48,15.48,15.48,15.48,15.48,15.48,15.48,15.48,15.48,15.48
Morocco,,,,,,,,,1.18,1.76,2.14,2.47,2.32,2.7,2.57,3.2,2.84,2.43,2.68,2.62,3.0,2.39,2.32,2.63,2.84,3.06,3.15,4.6,6.22,6.62,5.84,5.63,5.94,6.38,6.22,4.51,4.02,5.39,4.3,4.37,4.13,4.39,4.15,4.14,4.3,4.66,4.49,4.35,3.95,4.19,3.46,2.42,2.69,3.73,3.49,3.49,3.25,3.26,3.11,3.05,3.18,3.29,3.39,3.3,3.46,3.81,3.4,2.96,2.98,2.95,2.9,2.87,3.98,3.76,3.81,3.64
Tunisia,,,,,,,,,,,,,2.0,2.22,1.73,1.51,1.74,1.29,1.32,1.42,1.44,1.31,1.56,1.48,1.41,1.4,1.31,1.74,1.86,2.38,2.49,2.24,2.03,2.48,3.69,4.17,2.76,2.34,2.09,1.82,2.1,2.11,1.84,1.83,1.71,1.73,1.74,1.74,1.87,1.73,1.68,1.56,1.55,1.52,1.49,1.48,1.43,1.45,1.45,1.26,1.29,1.29,1.24,1.49,1.44,1.56,1.81,2.14,2.22,2.03,1.98,2.38,2.71,2.64,2.47,2.36
Angola,,,,,,,,,,,,,,,,,,,,,,,,,,,,,,,,,,,,,,0.0,0.0,22.25,21.98,19.43,17.46,7.1,5.68,17.52,5.71,4.71,2.45,5.97,2.64,17.33,6.39,4.52,2.87,3.76,3.47,3.69,3.76,3.11,3.57,4.71,4.18,3.26,3.24,4.46,4.7,3.11,2.73,2.51,1.96,1.74,1.74,1.3,1.32,1.33
Benin,,,,,,,,,,,,,0.87,1.4,1.75,1.74,2.18,2.11,1.9,1.98,2.07,1.89,1.63,1.6,1.49,1.68,1.44,1.49,1.28,1.68,1.19,1.93,2.03,1.55,1.05,1.19,1.46,1.3,1.36,1.57,1.56,1.31,1.23,1.1477777777777778,1.0655555555555556,0.9833333333333333,0.9011111111111111,0.8188888888888889,0.7366666666666666,0.6544444444444444,0.5722222222222222,0.49,0.41,0.36,0.62,0.65,0.68,0.68,0.67,0.665,0.66,0.67,0.6799999999999999,0.69,0.7,0.69,0.7,0.8,0.67,0.92,0.63,0.47,0.46,0.55,0.63,0.71
Botswana,,,,,,,,,,,,,,,,,,,,,,,,,,,,,,1.36,2.87,3.5,3.21,2.98,2.69,2.33,2.44,2.18,2.66,4.79,4.9,3.57,4.45,4.6,4.48,4.93,4.01,3.51,2.9,3.2,3.78,3.09,3.19,3.83,4.11,4.01,3.51,2.86,2.75,2.9,3.1,3.26,2.76,2.4,2.34,2.15,2.21,2.83,3.41,3.25,2.92,3.08,3.33,3.05,2.38,2.53
Burkina Faso,,,,,,,,,,,,,0.68,0.83,2.35,2.38,2.61,1.52,1.65,1.33,1.18,1.25,1.17,1.18,1.14,1.24,1.15,2.81,3.12,3.04,3.28,2.7,2.75,2.84,3.0,2.93,3.02,1.84,2.62,2.25,2.31,2.74,2.7,2.17,2.05,1.86,1.42,1.38,1.29,1.42,1.28,1.39,1.24,1.16,1.18,1.07,1.21,1.2,1.11,1.42,1.24,1.35,1.22,1.15,1.18,1.24,1.27,1.25,1.17,1.36,1.93,2.21,2.13,2.32,2.98,4.01
Burundi,,,,,,,,,,,,,,0.19,3.94,0.43,0.45,1.35,1.38,1.33,1.41,1.75,1.3900000000000001,1.03,1.46,1.95,2.23,2.06,2.22,2.53,2.8,2.64,2.92,3.03,3.51,3.1,2.98,2.75,2.81,2.65,3.15,3.35,3.45,3.79,3.6,3.72,3.92,4.21,5.86,6.36,6.57,6.26,4.86,6.07,5.44,5.53,4.9,4.44,3.51,3.41,2.72,2.6725000000000003,2.625,2.5774999999999997,2.53,2.48,2.3,2.13,2.24,2.0,2.15,2.81,2.19,2.04,2.6,3.66
Cameroon,,,,,,,,,,,,,,,,,,,,,,,1.87,1.84,1.76,1.76,1.69,1.73,1.76,1.72,1.67,1.66,1.56,1.82,1.99,1.89,1.74,1.34,1.22,1.25,1.28,1.33,1.47,1.51,1.53,1.33,1.31,1.25,1.22,1.3,1.4,1.44,1.32,1.29,1.34,1.38,1.4,1.14,1.23,1.24,1.26,1.23,1.29,1.14,1.18,1.17,1.1,1.1,1.15,1.14,1.08,1.06,0.96,0.98,0.94,0.93
Cape Verde,,,,,,,,,,,,,,,,,,,,,,,,,,,,,,,,,,,,,2.79,2.46,2.34,2.1,1.91,1.68,1.45,1.22,0.99,0.76,0.84,1.27,0.84,0.83,0.86,0.84,1.15,0.75,0.67,0.65,0.63,0.65,0.56,0.48,0.55,0.45,0.45,0.48,0.51,0.48,0.49,0.51,0.55,0.47,0.49,0.43,0.62,0.56,0.46,0.53
Central African Republic,,,,,,,,,,,,,,,,,,,,,,,,,,,,,,,,,,,,,,,,,,,,1.57,1.64,1.5,1.26,1.17,1.21,1.19,1.17,1.1500000000000001,1.1300000000000001,1.11,1.09,1.26,1.15,1.09,1.09,1.09,1.55,1.75,2.41,2.05,1.7,2.83,2.03,1.58,1.47,1.34,1.34,1.79,1.86,2.15,1.71,2.29
Chad,,,,,,,,,,,,,,,,,,,,,,,,,,,,,,,,,,,,4.73,4.36,3.66,4.57,2.95,5.25,3.94,1.98,1.93,1.88,2.68,1.88,1.39,1.54,1.08,0.92,1.37,1.36,1.35,1.52,1.32,1.01,0.83,3.0,4.49,5.89,7.96,5.76,5.01,5.3,5.59,2.81,2.02,3.04,2.2,2.3,2.14,3.01,2.81,2.75,2.91
"Congo, DR",,,,,,,,,,,,,,,,,0.0,0.0,0.0,0.0,0.0,0.0,0.0,0.0,0.0,0.0,0.0,0.0,0.0,0.0,0.0,0.0,0.3735714285714286,0.7471428571428572,1.1207142857142858,1.4942857142857144,1.867857142857143,2.2414285714285715,2.615,2.988571428571429,3.3621428571428575,3.735714285714286,4.109285714285715,4.482857142857143,4.856428571428572,5.23,4.003333333333334,2.776666666666667,1.55,1.41,0.43,1.16,0.22,0.44,0.66,0.88,1.34,1.38,1.42,1.23,0.81,0.66,0.85,0.92,1.13,1.15,0.95,1.3,1.07,0.77,0.62,0.7,0.74,0.54,0.58,1.16
"Congo, Republic",,,,,,,,,,,,,,,,,,,,,,,4.86,4.6,3.53,4.22,4.24,4.5,4.73,4.95,4.32,4.39,3.37,3.19,3.35,2.8,2.25,2.58,3.475,4.37,4.2620000000000005,4.154,4.046,3.938,3.83,3.64,3.40875,3.1775,2.94625,2.715,2.48375,2.2525,2.02125,1.79,2.12,2.43,2.44,1.52,1.57,1.92,1.79,1.725,1.66,1.7866666666666666,1.9133333333333333,2.04,3.94,4.265,4.59,3.18,1.98,2.15,2.6,2.34,1.91,2.0
Cote d'Ivoire,,,,,,,,,,,,,,,1.28,1.0,1.14,1.32,1.26,1.31,1.16,1.15,1.18,1.5,1.7,1.13,1.34,1.18,1.12,0.79,1.1,1.12,1.16,1.09,1.14,1.12,1.03,1.0,1.05,1.22,1.25,1.33,0.96,0.99,1.02,0.97,0.73,0.6699999999999999,0.61,0.58,0.6516666666666666,0.7233333333333333,0.7949999999999999,0.8666666666666667,0.9383333333333334,1.01,1.1,1.06,1.09,1.15,1.1,1.25,1.13,1.01,1.1,1.0,1.07,1.24,1.26,0.98,1.05,0.92,0.99,0.91,0.89,0.89
Djibouti,,,,,,,,,,,,,,,,,,,,,,,,,,,,,,,0.02,0.02,0.54,1.42,7.49,7.66,7.53375,7.407500000000001,7.28125,7.155,7.0287500000000005,6.9025,6.77625,6.65,6.76,6.16,5.76,5.79,5.08,5.47,5.65,5.48,5.07,5.205,5.34,5.4750000000000005,5.61,4.51,4.59,2.9,2.63,2.63,2.63,2.63,2.63,2.63,2.63,2.63,2.63,2.63,2.63,2.63,2.63,2.63,2.63,2.63
Equatorial Guinea,,,,,,,,,,,,,,,,,,,,,,,,,,,,,,,,,,,,,,,,,,,,,,,1.99,2.05,2.0041666666666664,1.9583333333333333,1.9124999999999999,1.8666666666666665,1.8208333333333333,1.775,1.7291666666666665,1.6833333333333333,1.6375,1.5916666666666666,1.5458333333333334,1.5,1.48,2.47,2.1300000000000003,1.79,1.4500000000000002,1.11,0.77,1.04,1.24,1.13,1.14,1.31,1.64,1.35,1.3,1.59
Eritrea,,,,,,,,,,,,,,,,,,,,,,,,,,,,,,,,,,,,,,,,,,,,,,21.33,12.72,19.54,20.34,11.86,32.5,34.38,32.66,22.14,20.67,20.87,20.87,20.87,20.87,20.87,20.87,20.87,20.87,20.87,20.87,20.87,20.87,20.87,20.87,20.87,20.87,20.87,20.87,20.87,20.87,20.87
Ethiopia,,,,,,,,,,,,,,1.86,1.93,2.43,2.92,3.23,3.11,2.49,2.2,2.02,1.88,1.91,1.94,1.93,2.79,4.49,4.13,3.97,4.81,6.89,8.71,7.54,7.54,7.18,7.97,6.82,6.7,6.86,8.5,10.28,9.66,5.71,3.44,3.07,2.87,2.23,2.12,3.34,7.28,9.51,7.61,4.35,3.72,3.24,3.07,2.81,2.31,1.9,1.52,1.2,1.15,1.09,0.87,0.81,0.77,0.71,0.68,0.68,0.65,0.58,0.52,0.49,0.87,0.79
Gabon,,,,,,,,,,,,,,,,,,,,1.11,1.02,1.37,1.43,1.44,1.55,1.3,0.68,0.78,0.67,1.03,1.455,1.88,1.6,2.29,2.45,2.55,2.26,2.86,4.0,3.842857142857143,3.6857142857142855,3.5285714285714285,3.3714285714285714,3.214285714285714,3.057142857142857,2.9,2.742857142857143,2.5857142857142854,2.4285714285714284,2.2714285714285714,2.114285714285714,1.9571428571428569,1.8,1.79,1.78,1.67,1.61,1.25,1.28,1.4275,1.5750000000000002,1.7225000000000001,1.87,1.46,1.62,1.6,1.14,1.19,1.45,1.81,1.55,1.59,1.72,1.54,1.32,1.15
"Gambia, The",,,,,,,,,,,,,,,,,,,,,,,,,,,,,,,,,,,,0.34,0.48,0.55,0.56,0.63,0.81,0.96,0.46,0.5,0.41,0.28,0.26,0.3,0.4,0.41,0.38,0.33,0.32,0.23,0.24,0.23,0.19,0.28,0.26,0.36,1.09,0.48,0.5833333333333334,0.6866666666666666,0.79,0.74,1.21,1.04,0.9333333333333333,0.8266666666666667,0.72,0.77,0.81,0.77,0.69,0.58
Ghana,,,,,,,,,,,1.0,1.03,1.71,2.1,2.0,2.02,1.92,1.73,2.23,2.4450000000000003,2.66,2.5,2.12,1.7,1.43,1.36,1.58,1.71,1.57,1.25,0.85,0.65,0.77,0.74,0.54,0.34,0.59,1.0,0.9,0.89,0.44,0.43,0.28,0.37,0.38,0.42,0.43,0.34,0.29,0.29,0.33,0.33,0.44,0.26,0.26,0.3,0.28,0.26,0.26,0.37,0.29,0.34,0.28,0.44,0.59,0.4,0.48,0.39,0.29,0.31,0.33,0.34,0.35,0.38,0.34,0.39
Guinea,,,,,,,,,,,,,,,,,,,,,,,,,,,,,,,,,0.9,0.79,0.64,0.8333333333333333,1.0266666666666666,1.22,1.413333333333333,1.6066666666666665,1.7999999999999998,1.9933333333333332,2.1866666666666665,2.38,1.69,1.34,1.36,1.2966666666666666,1.2333333333333334,1.17,1.25,1.6,1.53,3.1,3.32,2.44,2.23,2.2325,2.235,2.2375,2.24,2.2425,2.245,2.2475,2.25,2.39,2.28,2.56,1.92,1.8,1.77,1.48,1.48,1.53,2.17,2.13
Guinea-Bissau,,,,,,,,,,,,,,,,,,,,,,,,,,,,,,,,,,,0.01,0.01,0.02,0.01,0.02,0.06,0.12,0.18,0.208,0.236,0.264,0.29200000000000004,0.32,0.5,0.57,0.65,1.4,2.0149999999999997,2.63,1.63,1.56,1.58,1.7349999999999999,1.89,1.805,1.72,1.635,1.55,1.82,1.52,2.33,1.96,1.89,1.48,1.26,1.31,1.36,1.53,1.63,1.69,1.62,1.46
Kenya,,,,,,,,,,,,,0.33,0.11,0.08,0.21,0.59,0.99,1.13,1.3,1.22,1.08,1.06,1.23,1.54,1.66,1.78,1.88,2.48,3.74,5.2,5.5,4.52,4.23,4.57,4.2,3.48,2.38,2.5,3.13,2.95,2.74,2.89,2.35,1.9,1.84,1.64,1.65,1.42,1.34,1.22,1.19,1.31,1.5,1.63,1.65,1.61,1.69,1.46,1.55,1.62,1.37,1.37,1.38,1.49,1.4,1.2,1.2,1.25,1.24,1.21,1.11,1.11,1.08,1.01,0.91
Lesotho,,,,,,,,,,,,,,,,,,,,,,,,,,,,,1.55,1.44,1.51,1.85,3.16,3.31,4.36,4.01,3.98,4.31,4.84,4.18,3.37,4.31,3.55,2.89,2.71,2.48,2.74,3.24,2.82,2.71,2.85,3.56,3.28,2.74,2.52,2.37,2.13,2.05,2.07,2.37,1.55,2.72,3.16,2.26,2.15,2.03,1.95,1.87,1.96,2.27,2.0,1.88,1.88,1.54,1.52,1.54
Liberia,,,,,,,,,,,,,,,,,,1.18,1.15,1.17,1.1,0.99,1.1,1.19,1.1,0.97,0.93,0.95,1.07,1.15,1.24,1.15,1.49,3.11,5.02,4.71,2.94,2.95,2.9,2.29,2.41,4.0,5.59,7.18,10.13,18.98,29.73,26.82,23.91,21.0,18.09,15.18,12.27,9.36,6.449999999999999,3.539999999999999,0.63,0.86,0.48,0.31,0.5,0.65,0.82,1.06,1.18,1.08,1.03,1.05,1.06,0.94,0.94,0.94,0.97,2.01,2.49,2.3
Madagascar,,,,,,,,,,,,,,1.5,1.54,1.46,1.46,1.59,1.54,1.55,1.55,1.51,1.35,1.32,1.49,1.52,1.67,1.64,1.88,2.31,2.42,2.93,2.77,2.98,2.61,2.24,1.87,1.78,1.55,1.43,1.35,1.21,1.23,1.3,0.77,1.12,0.93,0.86,1.24,1.48,1.35,1.21,1.22,1.44,1.31,1.32,1.25,1.07,0.98,0.96,0.96,0.74,0.57,0.62,0.59,0.58,0.56,0.52,0.5,0.51,0.53,0.55,0.67,0.69,0.67,0.66
Malawi,,,,,,,,,,,,,,,,,,0.7,0.65,0.72,0.7,0.67,0.64,0.58,0.6,1.06,0.97,1.53,1.37,1.69,2.69,4.07,4.29,3.11,2.29,1.82,1.56,1.75,2.1,1.83,1.51,1.5,1.31,1.08,1.4,1.26,1.42,0.79,0.88,0.99,0.81,0.81,0.67,0.74,0.42,0.41,0.63,1.05,0.78,0.76,0.84,0.95,0.72,0.66,0.77,0.81,0.58,0.45,0.45,0.53,0.59,0.76,0.83,0.76,0.97,1.01
Mali,,,,,,,,,,,,,,2.7,2.89,2.65,2.87,2.52,2.41,2.4,1.99,2.18,2.23,1.92,2.38,2.66,2.87,3.17,2.91,3.13,3.21,2.97,2.08,1.96,2.11,1.98,1.97,2.14,2.03,2.12,2.21,2.11,1.96,1.8266666666666667,1.6933333333333334,1.56,1.44,1.5,1.43,1.5,1.4,1.49,1.48,1.3,1.27,1.42,1.42,1.38,1.39,1.36,1.47,1.42,1.37,1.24,1.2,1.16,1.52,2.36,2.59,3.03,2.82,2.75,3.4,3.41,3.14,3.83
Mauritania,,,,,,,,,,,,,,,,,,,,,,,,,,,,,,,,,,,,,,5.95,5.04,4.67,4.49,3.96,3.83,3.6,2.69,2.41,2.24,2.26,2.63,2.97,1.86,2.27,2.93,4.0,2.74,4.0,3.84,3.05,2.69,2.875,3.06,3.14,2.796666666666667,2.453333333333333,2.11,2.0,2.2,2.16,2.15,2.12,2.13,2.0,2.39,2.29,2.28,2.55
Mauritius,,,,,,,,,,,,,,,,0.14,0.17,0.16,0.17,0.16,0.16,0.18,0.22,0.22,0.2,0.19,0.14,0.19,0.19,0.17,0.17,0.2,0.49,0.47,0.26,0.27,0.25,0.22,0.2,0.19,0.22,0.29,0.35,0.37,0.35,0.33,0.33,0.33,0.29,0.23,0.2,0.21,0.2,0.19,0.2,0.19,0.17,0.16,0.15,0.14,0.16,0.17,0.15,0.15,0.14,0.19,0.15,0.14,0.17,0.17,0.16,0.15,0.16,0.17,0.14,0.15
Mozambique,,,,,,,,,,,,,,,,,,,,,,,,,,,,,,,,,3.83,4.28,4.92,6.23,7.07,5.77,5.66,6.18,5.31,5.94,5.86,2.61,2.97,2.87,3.3,1.46,1.11,1.1,1.14,1.25,1.28,1.24,1.27,1.28,1.36,0.95,0.81,0.67,0.66,0.71,0.89,0.83,0.85,0.93,0.98,0.84,0.93,0.99,1.32,1.4,2.03,1.96,1.5,1.73
Namibia,,,,,,,,,,,,,,,,,,,,,,,,,,,,,,,,,,,,,,,,,,,6.42,5.62,4.25,2.46,1.75,1.95,1.9,2.3,2.32,3.12,2.71,3.01,2.62,2.62,2.53,2.65,2.5,2.61,3.14,3.37,3.51,3.57,3.17,3.21,4.33,4.53,3.97,3.52,3.33,3.3,3.48,3.22,2.92,2.74
Niger,,,,,,,,,,,,,,,,,,,,,,,,,,,,0.87,0.82,0.94,0.93,0.84,0.67,0.63,0.63,0.69,0.73,0.74,0.77,0.64,0.7242857142857143,0.8085714285714286,0.8928571428571429,0.9771428571428571,1.0614285714285714,1.1457142857142857,1.23,0.97,0.86,0.93,1.06,1.17,1.16,1.32,0.96,0.93,1.09,0.72,0.7266666666666667,0.7333333333333333,0.74,0.74,0.88,0.98,1.62,1.05,1.34,1.4700000000000002,1.6,1.81,1.79,1.92,1.73,1.35,1.66,2.07
Nigeria,,,,,,,,,,,,,0.7,0.85,1.1,1.1,1.23,1.4,1.1,5.81,9.16,10.32,5.28,4.39,5.39,5.48,4.34,8.12,5.79,6.02,5.33,4.32,3.3,2.77,2.27,2.22,1.56,1.44,1.31,0.77,0.88,0.58,0.83,0.77,0.56,0.93,0.78,0.48,0.41,0.44,0.55,0.86,0.54,0.78,0.95,0.57,0.49,0.4,0.35,0.37,0.49,0.51,0.54,0.58,0.5,0.47,0.41,0.42,0.43,0.43,0.51,0.46,0.63,1.01,0.65,0.81
Rwanda,,,,,,,,,,,,,,,,,,,,,,,,,,1.88,1.47,1.63,1.61,2.15,1.59,1.75,1.88,2.04,2.0,1.9,1.6,1.59,1.8,1.68,1.59,1.75,3.73,5.51,4.29,4.54,3.44,0.61,5.33,4.17,4.38,4.45,3.54,3.4,3.05,2.45,1.97,1.74,1.64,1.37,1.31,1.33,1.22,1.09,1.04,1.05,1.1,1.21,1.24,1.25,1.24,1.2,1.47,1.51,1.33,1.27
Senegal,,,,,,,,,,,,,,,,,,,,,,,,,,,,,,,,3.43,2.76,2.73,2.35,2.55,2.41,2.19,2.04,1.98,2.11,2.03,1.63,1.55,1.44,1.67,1.35,1.31,1.24,1.2,1.18,1.2,1.05,1.12,1.1,1.12,1.06,1.13,1.27,1.38,1.29,1.34,1.22,1.29,1.11,1.25,1.21,1.21,1.6,1.47,1.67,1.52,1.41,1.78,1.54,1.47
Seychelles,,,,,,,,,,,,,,,,,,,,,,,,,,,,,,,,,,,,,,4.29,4.67,4.54,4.28,4.28,4.03,4.42,4.73,2.76,2.44,2.28,2.1,2.02,1.73,1.78,1.68,1.78,1.68,1.73,1.9,1.6,1.41,1.47,1.15,1.02,0.74,0.86,0.94,1.04,2.23,1.28,1.47,1.41,1.31,1.29,1.57,2.78,1.33,1.71
Sierra Leone,,,,,,,,,,,,,0.75,0.73,0.71,0.76,0.78,0.72,0.69,0.8,0.8,0.87,0.93,0.9,0.95,1.04,1.21,1.03,1.09,1.09,1.0,1.11,1.45,1.42,1.09,1.03,0.91,0.73,1.47,0.69,0.85,1.54,1.31,2.04,2.69,2.08,1.99,1.97,1.35,0.76,1.02,1.74,2.51,2.74,2.16,2.05,1.58,1.43,1.49,1.35,0.94,1.08,0.97,0.87,0.78,0.64,0.97,0.92,1.12,1.09,0.75,0.67,0.55,0.61,0.69,0.56
Somalia,,,,,,,,,,,,,,0.23,0.25,0.29,0.33,0.3,0.35,0.39,0.41,0.42,0.5,0.48,0.45,0.51,0.73,0.52,0.52,0.46,0.99,0.97,0.55,0.61,0.29,0.24,0.14,0.05,28.95,16.96,17.44,1.53,1.53,1.53,1.53,1.53,1.53,1.53,1.53,1.53,1.53,1.53,1.53,1.53,1.53,1.53,1.53,1.53,1.53,1.53,1.53,1.53,1.53,1.53,1.53,1.53,1.53,1.53,1.53,1.53,1.53,1.53,1.53,1.53,1.53,1.53
South Africa,,,,1.62,1.74,1.35,1.2,1.22,1.29,1.3,0.98,0.88,0.95,1.47,2.25,2.06,2.7,2.63,2.7,2.79,2.76,2.61,2.33,2.46,2.37,2.65,3.09,3.87,4.73,5.26,4.56,3.86,3.3,3.64,3.61,3.6,3.7,3.7,3.82,4.19,4.62,4.36,3.9,3.22,2.82,2.5,2.56,2.12,1.76,1.58,1.38,1.27,1.39,1.48,1.53,1.47,1.36,1.23,1.15,1.06,1.04,1.09,1.0,1.0,1.03,1.03,1.02,1.01,0.97,0.94,0.89,0.88,0.96,0.81,0.77,0.73
South Sudan,,,,,,,,,,,,,,,,,,,,,,,,,,,,,,,,,,,,,,,,,,,,,,,,,,,,,,,,,,,,,5.76,4.97,4.14,6.09,8.77,6.57,8.46,8.91,4.01,2.06,3.2,3.35,2.28,2.63,4.15,6.26
Sudan,,,,,,,,,1.12,1.64,1.52,1.71,1.92,1.84,2.06,2.15,3.14,4.12,3.53,3.65,3.75,5.2,4.95,4.6,4.19,3.16,2.57,2.25,2.67,2.62,2.04,2.59,2.3,1.78,2.44,3.27,4.08,3.4,3.23,2.55,3.55,4.18,4.81,4.99,4.39,4.92,3.9,1.67,1.27,0.95,2.38,4.01,4.79,2.94,3.27,2.26,5.78,3.31,3.64,4.08,4.98,5.45,4.993333333333333,4.536666666666667,4.08,3.623333333333333,3.1666666666666665,2.71,2.28,3.29,1.78,1.63,0.98,0.92,0.92,0.92
Eswatini,,,,,,,,,,,,,,,,,,,,,,,,,,,,,,1.78,2.43,2.46,2.42,2.17,2.2,2.26,2.03,1.84,1.63,1.43,1.26,1.25,1.28,1.38,1.63,1.75,1.82,1.69,1.65,1.49,1.65,1.68,1.44,1.29,1.3,1.47,1.54,1.9,1.81,1.64,2.01,2.1,2.37,2.22,1.91,1.95,1.82,1.75,2.07,1.92,2.1,1.89,1.86,1.78,1.65,1.57
Tanzania,,,,,,,,,,,,,,,,,,,,1.42,1.47,1.73,2.3,3.1,3.43,4.17,5.36,5.36,4.69,5.48,10.11,8.5,4.52,5.58,5.5,5.41,5.25,5.39,5.74,3.15,2.45,2.38,2.05,2.18,2.11,1.38,1.29,1.63,1.56,1.54,1.6,1.49,1.49,1.45,1.3,1.07,0.99,0.82,0.79,0.76,0.7,0.76,0.9,0.9,0.91,0.97,1.02,1.09,1.09,1.06,1.1,1.06,1.08,1.12,1.14,1.15
Togo,,,,,,,,,,,,,,0.27,0.55,0.84,2.16,1.9,1.34,1.34,1.36,1.28,1.37,1.41,1.48,1.69,1.49,1.86,2.5,3.07,2.71,2.25,2.19,2.37,2.26,2.1,2.19,2.51,2.85,3.5,3.12,3.09,3.12,2.86,2.93,4.03,2.58,1.86,1.79875,1.7375,1.67625,1.6150000000000002,1.5537500000000002,1.4925000000000002,1.4312500000000001,1.37,1.41,1.46,1.5466666666666666,1.6333333333333333,1.72,1.64,1.66,1.53,1.62,1.68,1.82,1.67,1.84,1.87,1.96,3.15,2.84,3.11,5.44,4.01
Uganda,,,,,,,,,,,,,,0.02,0.11,0.37,0.65,1.13,1.44,1.62,1.79,1.82,1.97,3.47,4.06,3.5,3.62,2.82,3.19,2.04,1.97,1.69,2.22,1.89,1.98,2.22,2.63,2.66,2.91,2.59,2.46,2.73,2.97,2.51,1.66,1.93,2.02,2.1,2.21,2.12,2.44,2.66,1.76,1.68,1.63,1.69,1.77,1.68,1.5,1.39,1.35,1.43,2.46,2.54,1.17,1.34,0.89,1.04,1.04,1.11,1.23,1.74,2.73,2.64,2.04,1.98
Zambia,,,,,,,,,,,,,,,,,,,,,,,,,,,,,,,,,,,,,3.0,2.36,3.66,3.22,2.39,4.2,3.41,2.34,2.71,1.43,1.72,1.45,1.05,1.01,1.33,1.65,1.636,1.6219999999999999,1.608,1.594,1.58,1.85,1.74,2.06,2.08,1.73,1.38,1.26,1.39,1.43,1.66,1.79,1.45,1.3,1.44,1.26,1.17,0.98,1.12,1.3
Zimbabwe,,,,,,,,,,,,,,,,,1.04,1.19,1.32,1.36,2.07,2.42,2.44,2.29,2.18,2.63,2.98,3.4,4.63,6.54,7.99,8.52,6.63,4.86,5.12,5.56,5.68,5.49,5.5,5.82,5.21,4.93,4.1,3.98,3.8,3.3,3.11,3.18,2.88,3.0,2.62,2.24,3.05,2.55,6.31,2.03,2.71,1.45,1.99,1.6975,1.405,1.1125,0.82,1.41,1.86,1.87,1.89,1.89,1.74,1.59,1.14,0.73,1.0,1.48,0.78,0.25
Belize,,,,,,,,,,,,,,,,,,,,,,,,,,,,,,,0.58,0.8,0.86,1.16,1.44,1.53,1.54,1.56,1.47,1.38,1.29,1.2,0.87,0.79,0.76,0.82,1.02,0.98,0.94,1.08,0.9333333333333333,0.7866666666666666,0.64,0.64,0.64,0.66,0.68,0.73,0.78,0.81,1.08,1.03,0.88,0.85,0.8,0.88,0.93,0.89,0.96,1.01,1.01,1.01,1.25,1.07,0.81,0.82
Cuba,,,,,,,,,,,,,,,,,,,,,,,,,,,,,,,,,,,,,,,,,,,,,,,,,,,,,,,,,,,,,,3.38,3.33,3.08,3.94,3.51,3.54,3.08,3.07,2.87,2.88,2.88,2.88,2.88,2.88,2.88
Dominican Republic,,,,,,,,,,,5.31,5.27,5.23,5.23,4.32,3.87,3.78,4.21,3.46,3.19,3.25,2.65,2.42,2.2,1.99,1.79,1.97,1.83,1.93,1.89,2.18,2.18,1.58,1.72,1.58,1.37,1.2,1.21,1.34,1.02,0.88,0.8,0.68,0.35,0.56,0.76,0.73,0.55,0.63,0.8,0.78,0.82,1.03,1.21,1.06,0.76,0.69,0.77,0.68,0.63,0.7,0.67,0.67,0.6,0.65,0.61,0.65,0.64,0.63,0.67,0.69,0.69,0.75,0.65,0.67,0.74
El Salvador,,,,,,,,,,,,,,,,,,0.74,0.71,0.69,0.66,0.72,0.63,0.72,0.88,0.86,0.8,0.83,0.88,0.97,1.12,1.58,1.74,2.28,2.78,3.55,6.44,6.59,4.33,4.47,4.27,4.87,3.41,2.73,2.25,1.68,1.35,1.18,1.07,1.01,0.92,0.92,0.84,1.09,1.13,0.84,0.81,0.9,0.89,0.97,0.96,1.08,1.09,1.09,1.05,1.08,1.04,1.06,1.02,1.04,1.13,1.18,1.38,1.19,1.41,1.28
Guatemala,,,,,,,,1.31,1.27,1.3,1.24,1.27,1.16,1.12,1.05,1.17,1.0,1.4,1.37,1.46,1.27,1.03,1.7,1.12,1.14,0.91,0.9,1.23,1.27,1.37,1.18,1.31,1.32,1.89,2.03,2.04,2.19,2.01,1.67,1.75,1.87,1.8,1.73,1.27,1.47,1.27,1.18,1.08,0.9,0.74,0.72,0.68,0.92,1.05,0.76,0.82,0.48,0.38,0.43,0.4,0.47,0.4,0.44,0.46,0.48,0.47,0.42,0.41,0.44,0.38,0.37,0.43,0.44,0.39,0.46,0.41
Haiti,,,,,,,,,,,,,,,,,,,,,,,,,,,,,,,,,,,,,,,,,0.09,0.08,0.09,0.1,0.11,0.09,0.07,0.08,0.07722222222222222,0.07444444444444445,0.07166666666666667,0.06888888888888889,0.0661111111111111,0.06333333333333334,0.06055555555555556,0.057777777777777775,0.055,0.052222222222222225,0.049444444444444444,0.04666666666666667,0.04388888888888889,0.04111111111111111,0.03833333333333333,0.035555555555555556,0.03277777777777778,0.03,0.04,0.04,0.05,0.04,0.06,0.09,0.1,0.15,0.07,0.05
Honduras,,,,0.96,0.91,0.96,1.0,1.1,1.12,1.65,1.72,1.51,1.17,1.08,0.99,0.93,1.28,1.23,1.18,1.14,1.09,1.07,1.37,1.47,1.84,1.68,1.6,1.9,1.76,1.9,2.27,2.24,2.22,2.15,2.31,2.27,2.44,2.58,2.77,2.95,2.85,2.67,2.2,1.54,1.35,1.16,1.0985714285714285,1.0371428571428571,0.9757142857142856,0.9142857142857143,0.8528571428571428,0.7914285714285714,0.73,0.82,0.81,1.0,0.68,0.64,0.69,0.78,0.95,1.07,1.07,1.13,1.13,1.38,1.19,1.35,1.53,1.59,1.49,1.57,1.44,1.48,1.45,1.57
Jamaica,,,,,,,,,,,,,,,,,,,,,,,,,,,,,0.93,0.94,1.0825,1.225,1.3675,1.51,1.63,1.39,1.06,0.89,0.85,0.77,0.81,0.93,0.84,0.76,1.11,0.82,0.63,0.54,0.57,0.66,0.54,0.51,0.49,0.5,0.59,0.58,0.54,0.53,0.61,0.65,0.95,0.95,0.87,0.93,0.93,0.9,0.87,0.87,0.95,0.97,1.33,1.68,1.71,1.47,1.29,1.22
Mexico,0.9,0.88,0.86,0.76,0.72,0.81,0.88,0.79,0.74,0.73,0.69,0.64,0.67,0.65,0.69,0.72,0.68,0.59,0.58,0.55,0.55,0.6,0.5,0.49,0.54,0.54,0.57,0.57,0.6,0.53,0.5,0.51,0.42,0.51,0.5,0.52,0.66,0.68,0.63,0.58,0.54,0.52,0.43,0.44,0.47,0.44,0.52,0.45,0.48,0.46,0.45,0.46,0.45,0.44,0.42,0.41,0.36,0.36,0.31,0.4,0.39,0.5,0.43,0.45,0.46,0.49,0.5,0.45,0.48,0.42,0.46,0.51,0.72,0.66,0.69,0.66
Nicaragua,,,,,,,,,,,,,,,,,,,,,1.46,1.38,1.58,1.51,1.87,1.42,1.45,1.75,2.07,2.47,3.22,3.1,3.35,4.34,4.306,4.272,4.2379999999999995,4.204,4.17,4.136,4.102,4.068,4.034,4.0,2.63,2.1,1.19,1.1,0.95,0.89,0.74,0.72,0.78,0.68,0.87,0.86,0.73,0.7,0.55,0.53,0.5,0.5,0.51,0.53,0.67,0.68,0.69,0.78,0.64,0.63,0.63,0.61,0.63,0.55,0.54,0.55
Panama,,,,,,,,,,,,,,,,,,,,,,,,,,,,,,,,,,,,,,,,1.84,2.11,2.08,1.26,1.23,1.08,1.2,1.19,1.12,1.09,1.17,0.95,0.97,0.97,0.97,0.97,0.97,0.97,0.97,0.97,0.97,0.97,0.97,0.97,0.97,0.97,0.97,0.97,0.97,0.97,0.97,0.97,0.97,0.97,0.97,0.97,0.97
Trinidad and Tobago,,,,,,,,,,,,,,,,,,,,,0.67,0.68,0.75,0.96,0.84,0.68,0.42,0.44,0.5,0.49,0.51,0.59,0.59,0.51,0.5083333333333333,0.5066666666666667,0.505,0.5033333333333333,0.5016666666666667,0.5,0.49833333333333335,0.49666666666666665,0.495,0.49333333333333335,0.49166666666666664,0.49,0.49,0.44285714285714284,0.3957142857142857,0.3485714285714286,0.30142857142857143,0.2542857142857143,0.20714285714285716,0.16,0.21,0.29,0.56,0.6,0.62,0.57,0.49,0.71,0.64,0.57,0.64,0.76,0.66,0.78,0.95,0.87,0.7,0.76,0.86,0.89,0.74,0.89
Canada,,,2.43,4.66,6.8,7.37,6.86,6.18,5.69,5.35,4.94,4.4,4.19,4.13,4.0,3.62,3.4,2.93,2.68,2.75,2.54,2.27,2.19,2.13,2.01,1.83,1.78,1.86,1.77,1.81,1.85,1.71,1.76,1.71,1.95,2.08,2.12,2.1,2.11,2.06,1.99,1.93,1.96,1.9,1.86,1.82,1.7,1.55,1.4,1.25,1.26,1.24,1.11,1.13,1.12,1.11,1.1,1.11,1.12,1.19,1.25,1.38,1.19,1.19,1.12,1.0,0.99,1.15,1.16,1.35,1.32,1.28,1.4,1.27,1.2,1.29
United States of America,,5.27,5.08,10.17,13.86,13.58,11.74,10.16,9.9,9.99,10.07,9.44,8.99,9.16,9.33,8.83,8.05,7.59,8.44,9.42,9.27,8.63,8.03,6.94,6.52,5.89,5.95,5.62,5.19,5.16,4.94,4.95,5.15,5.65,6.81,6.32,6.24,6.45,6.63,6.42,6.07,5.87,5.61,4.88,4.97,4.6,4.22,3.86,3.55,3.41,3.2,3.09,3.11,3.12,3.45,3.83,4.02,4.09,4.04,4.07,4.45,4.88,4.9,4.82,4.46,4.02,3.68,3.46,3.4,3.3,3.3,3.41,3.65,3.42,3.34,3.36
Argentina,,,2.91,2.6766666666666667,2.4433333333333334,2.21,1.9766666666666668,1.7433333333333334,1.5100000000000002,1.2766666666666668,1.0433333333333334,0.81,1.55,2.14,2.66,1.68,1.15,1.07,1.17,1.4,1.69,1.94,1.88,1.81,1.82,1.85,1.66,2.04,3.78,4.01,4.72,4.67,3.1,3.47,2.7,2.74,2.16,2.3,2.31,2.28,2.12,1.88,1.45,1.51,1.42,1.42,1.46,1.47,1.24,1.14,1.14,1.22,1.15,1.18,1.09,1.06,0.88,0.85,0.79,0.79,0.76,0.89,0.81,0.76,0.78,0.84,0.88,0.85,0.81,0.85,0.73,0.7,0.73,0.63,0.69,0.47
Bolivia,,,,,,0.53,0.42500000000000004,0.32,0.36,0.82,0.9149999999999999,1.01,1.105,1.2,1.16,1.33,1.334,1.338,1.342,1.346,1.35,1.32,1.61,1.39,1.6,1.62,1.84,2.37,2.37,2.25,2.6,2.71,3.17,3.9,1.98,1.5,2.17,2.01,2.35,2.38,2.02,2.16,2.82,2.69,2.51,1.92,2.25,2.1,1.99,2.27,2.69,2.13,2.06,2.32,1.99,2.15,1.9,1.72,1.47,1.49,2.19,1.76,2.79,1.68,1.85,1.84,1.9,1.76,1.53,1.54,1.5,1.45,1.39,1.33,0.97,1.39
Brazil,,,,,,3.6,3.8000000000000003,4.0,4.2,4.4,4.07,2.96,2.68,2.36,2.4,2.26,2.01,3.35,3.02,2.86,2.65,2.62,2.89,2.62,2.44,2.15,1.94,1.97,2.0,1.69,1.6,1.52,1.14,1.14,1.3,1.25,1.2,1.43,1.22,1.74,2.12,2.69,2.36,1.96,1.52,1.93,2.02,1.86,1.65,1.58,1.66,1.65,1.73,1.95,1.9,1.5,1.46,1.52,1.48,1.47,1.44,1.54,1.54,1.41,1.38,1.33,1.33,1.37,1.35,1.41,1.47,1.38,1.33,1.16,1.07,1.08
Chile,,,2.64,3.07,2.57,2.78,1.69,2.3,2.3,3.05,2.7,2.15,3.12,3.53,3.04,2.87,2.64,2.89,2.74,2.71,2.53,2.26,4.45,6.26,6.63,6.28,7.11,6.74,6.09,6.92,6.73,6.33,6.48,7.02,8.88,7.58,7.61,6.9,6.29,5.64,4.14,3.59,3.4,2.85,2.63,2.71,2.6,2.56,2.45,2.5,2.59,2.71,2.69,2.65,2.53,2.7,2.71,2.53,2.51,2.33,2.58,2.28,2.25,2.26,2.05,1.99,1.97,1.91,1.92,1.94,1.88,1.86,2.06,1.64,1.55,1.63
Colombia,,,,,,,,,,,2.35,1.83,1.88,2.14,3.1,3.52,3.18,3.19,3.17,3.12,2.39,2.05,2.26,3.37,1.97,1.69,1.58,1.74,1.49,1.44,1.55,1.67,1.83,1.76,1.71,2.22,2.33,2.05,1.94,1.98,2.2,2.19,1.86,1.85,2.11,2.53,2.51,2.83,4.45,2.8,3.44,3.76,3.03,3.32,3.42,3.46,3.47,3.37,3.3,3.29,3.74,3.89,3.64,3.08,3.16,3.27,3.11,3.11,3.07,3.21,3.03,3.15,3.54,3.2,2.81,2.87
Ecuador,,,,,,1.94,2.0575,2.175,2.2925,2.41,2.28,1.9,2.38,2.05,2.05,1.77,1.91,2.07,1.82,1.8,1.92,2.37,1.83,1.85,1.99,1.98,2.02,2.37,2.2,3.08,2.14,1.99,1.78,1.68,1.65,1.57,1.49,1.78,1.84,1.97,1.98,1.92,1.89,1.78,1.67,1.82,1.56,2.34,1.95,2.1,2.36,1.75,1.45,1.57,1.77,2.28,1.94,2.3,2.03,2.57,2.67,3.12,3.01,3.1,2.95,2.88,2.74,2.62,2.51,2.36,2.37,2.17,2.37,2.27,2.25,2.3
Guyana,,,,,,,,,,,,,,,,,,,,,,,,,,1.65,2.85,6.96,8.35,6.07,3.89,3.72,3.7,3.94,5.13,4.52,4.67,8.44,5.36,3.09,2.66,1.58,0.91,0.58,0.97,0.95,1.01,0.92,0.79,1.0350000000000001,1.28,1.525,1.77,2.02,2.29,2.2,2.81,1.41,0.81,0.91,1.01,0.98,0.91,0.88,0.83,0.84,0.95,1.08,1.15,1.25,1.29,1.3,1.4,0.95,0.6,0.59
Paraguay,,,,,,,,,,,,,2.53,2.28,2.3,2.4,2.4,2.63,2.92,3.03,3.21,3.16,3.32,3.23,3.85,3.42,2.56,3.13,2.99,2.89,2.96,2.03,2.18,2.53,3.8,3.65,3.51,3.76,3.8,2.77,3.2,2.43,2.13,2.83,2.37,2.18,2.05,2.28,2.06,1.69,1.54,1.39,1.24,1.07,0.97,0.83,0.88,0.72,0.79,0.74,0.68,0.75,0.75,0.84,0.96,0.96,0.99,1.07,0.95,0.89,0.96,0.97,1.03,0.93,0.83,0.91
Peru,2.73,2.9,2.83,2.92,2.66,2.78,2.69,2.77,2.98,2.92,2.9,2.8,2.51,2.64,2.43,3.32,3.34,3.1,2.84,4.7,2.36,2.39,3.51,3.62,3.63,3.93,3.93,5.22,5.68,8.21,6.2,3.35,4.56,3.98,5.11,4.85,3.36,3.87,3.35,3.41,2.19,2.19,2.68,2.02,2.51,2.75,2.47,2.64,2.5,2.0,2.02,1.93,1.79,1.75,1.54,1.51,1.38,1.58,1.46,1.3,1.25,1.53,1.48,1.37,1.48,1.64,1.6,1.75,1.32,1.27,1.19,1.21,1.31,1.18,1.15,1.12
Uruguay,,,,,,,,,,,,,,,,,,,,,,,,,2.2,3.76,4.53,4.29,3.48,3.75,3.62,3.8,4.7,6.26,6.45,5.38,4.58,4.3,4.12,3.04,3.16,3.53,3.53,2.39,2.85,2.79,2.58,2.71,2.81,2.4,2.26,2.39,2.44,2.5,2.53,2.24,2.04,2.0,2.01,1.78,1.87,1.82,1.88,1.72,1.8,1.82,1.81,1.82,1.72,1.81,1.97,1.89,2.04,2.1,1.83,2.0
Venezuela,,,,,,,,2.58,2.75,3.22,3.43,2.96,3.06,1.42,2.31,2.55,2.45,2.64,2.66,2.86,2.68,2.5,2.29,2.7,2.83,2.47,2.31,2.59,1.89,2.07,2.11,1.92,1.7,1.52,2.25,2.97,2.29,1.37,1.65,1.63,1.82,2.79,1.52,1.84,1.64,2.15,1.59,1.55,1.04,1.8,1.59,1.44,1.53,1.56,1.15,1.18,1.29,1.83,1.98,1.89,1.79,1.23,1.01,1.13,1.34,1.67,1.16,0.94,0.45,2.23,0.15,1.79,1.58,0.31,0.65,0.5
Australia,,,2.88,3.74,5.18,4.8,3.97,3.86,3.67,3.32,3.25,3.1,2.37,2.42,2.36,2.45,2.65,2.95,3.45,3.79,3.84,3.39,2.97,2.76,2.69,2.38,2.26,2.27,2.22,2.25,2.22,2.19,2.25,2.3,2.39,2.52,2.51,2.52,2.54,2.37,2.16,2.05,2.08,2.17,2.17,2.18,2.12,2.02,1.93,1.87,1.87,1.89,1.83,1.87,1.87,1.85,1.83,1.8,1.82,1.81,1.8,1.92,1.85,1.76,1.67,1.64,1.77,1.95,2.09,2.0,1.9,1.88,2.01,1.99,1.91,1.92
Fiji,,,,,,,,,,,,,,,,,,,,,0.21,0.19,0.19,0.22,0.25,0.22,0.24,0.3,0.4,0.51,0.87,0.94,0.86,0.92,1.15,1.24,1.22,1.13,1.04,1.97,2.05,2.27,2.11,2.17,1.84,1.81,1.7,1.63,1.42,1.36,1.26,1.13,1.76,1.82,1.55,1.49,1.58,1.32,1.61,2.24,1.52,1.79,1.61,1.61,1.49,1.39,1.54,0.91,1.1,1.4,1.46,1.44,1.59,1.6,1.35,1.32
New Zealand,,,,,,,,,3.11,2.86,2.83,2.82,2.69,2.49,2.31,2.2,2.47,2.36,2.64,2.62,2.73,2.57,2.63,2.32,2.18,1.97,2.07,2.08,1.94,2.12,2.21,2.16,3.02,2.73,2.58,2.44,2.38,2.36,2.37,2.41,2.08,2.15,2.33,2.26,2.07,1.9,1.83,1.82,1.78,1.7,1.7,1.62,1.67,1.58,1.45,1.39,1.25,1.14,1.24,1.18,1.15,1.22,1.21,1.16,1.12,1.04,1.0,0.99,1.04,1.05,1.11,1.29,1.34,1.16,1.17,1.22
Papua New Guinea,,,,,,,,,,,,,,,,,,,,,,,,,,,,0.6,1.63,1.25,1.27,1.21,1.4,1.41,1.4475,1.4849999999999999,1.5225,1.56,1.56,1.61,1.27,1.5,1.42,0.92,0.89,0.92,1.01,0.78,1.02,1.08,0.88,0.69,0.64,0.55,0.37,0.35,0.39,0.42,0.38,0.41,0.34,0.45,0.33,0.36,0.52,0.49,0.48,0.46,0.38,0.36,0.33,0.36,0.39,0.33,0.31,0.31
Afghanistan,,,,,,,,,,,,,,,,,,,,,,,1.63,1.71,1.79,1.87,1.61,1.72,2.05,2.01,2.0255555555555556,2.041111111111111,2.0566666666666666,2.072222222222222,2.0877777777777777,2.103333333333333,2.118888888888889,2.134444444444444,2.15,2.1655555555555557,2.181111111111111,2.1966666666666668,2.212222222222222,2.227777777777778,2.243333333333333,2.258888888888889,2.2744444444444443,2.29,2.305555555555556,2.321111111111111,2.336666666666667,2.352222222222222,2.367777777777778,2.3833333333333333,2.398888888888889,2.4144444444444444,2.43,1.99,1.9,2.57,2.34,2.09,1.95,1.82,1.18,1.08,1.3,0.99,0.96,0.95,1.01,1.17,1.36,1.83,1.83,1.83
Bangladesh,,,,,,,,,,,,,,,,,,,,,,,,,,0.66,0.6,0.84,1.52,1.57,1.27,0.93,0.86,0.92,1.06,1.27,1.18,1.05,1.11,1.17,1.25,1.29,1.22,1.21,1.36,1.43,1.53,1.57,1.54,1.57,1.57,1.58,1.36,1.29,1.05,1.0,1.0,0.97,0.99,1.0,0.94,1.03,1.18,1.22,1.18,1.11,1.14,1.21,1.23,1.13,1.15,1.24,1.24,1.17,1.05,1.02
India,,,,,,,,,2.02,2.48,1.92,2.14,2.0,2.07,2.75,4.03,3.82,3.87,3.57,3.22,3.25,3.14,3.19,3.65,3.72,3.16,3.2,3.53,3.48,3.16,3.13,3.26,3.13,3.19,3.35,3.32,3.42,3.57,4.11,4.23,3.73,3.53,3.15,2.91,2.7,2.82,2.66,2.58,2.47,2.65,2.73,2.96,2.95,2.92,2.83,2.68,2.83,2.91,2.68,2.48,2.63,3.13,2.89,2.7,2.62,2.55,2.54,2.46,2.54,2.53,2.42,2.55,2.81,2.48,2.36,2.44
Nepal,,,,,,,,,,,,,,,,,,,,,,,0.59,0.62,0.65,0.66,0.61,0.68,0.86,0.89,0.86,0.91,1.03,0.99,1.09,1.25,1.22,1.2,1.18,1.16,1.08,1.11,1.08,1.1,1.07,1.05,0.97,0.94,0.9,0.88,0.93,0.95,0.96,1.1,1.45,1.59,1.79,1.93,1.75,1.55,1.6,1.44,1.37,1.35,1.26,1.37,1.5,1.4,1.49,1.56,1.47,1.34,1.36,1.27,1.11,1.08
Pakistan,,,,,,6.32,5.35,5.57,5.03,4.17,4.25,4.34,4.31,4.1,3.66,3.65,3.87,5.9,6.73,5.4,5.1,5.51,6.16,6.74,6.87,6.21,6.09,6.32,5.89,5.55,5.5,5.45,5.52,5.71,6.38,6.64,6.66,6.92,6.99,6.97,6.79,6.53,6.52,6.57,6.7,6.43,5.92,5.82,6.04,5.62,5.42,5.19,4.17,3.88,4.07,4.09,3.96,3.9,3.65,3.51,3.46,3.27,3.04,2.92,3.1,3.09,3.1,3.16,3.2,3.36,3.59,3.51,3.49,3.39,3.16,2.8
Sri Lanka,,,,0.25,0.34,0.45,0.67,0.55,0.68,0.91,1.24,1.23,1.18,1.18,1.08,0.9,0.85,0.85,0.87,0.85,0.79,0.81,0.92,1.36,1.115,0.87,0.8,0.8,0.66,0.68,0.8,0.83,0.77,0.63,0.54,0.89,0.92,3.16,2.7,3.39,2.37,1.8,2.33,3.08,3.37,3.43,3.73,5.86,5.52,4.63,4.64,4.03,5.03,4.29,3.34,2.87,3.0,2.64,2.8,3.26,3.24,3.16,2.7,2.69,2.16,2.15,2.41,2.42,1.98,1.98,1.73,1.75,1.74,1.71,1.34,1.64
China,,,,,,,,,,,,,,,,,,,,,,,,,,,,,,,,,,,,,,,,,,2.45,2.45,2.31,2.45,1.93,1.69,1.69,1.65,1.63,1.66,1.87,1.84,1.98,2.06,2.0,1.94,1.87,1.87,1.75,1.72,1.89,1.73,1.66,1.7,1.71,1.74,1.78,1.77,1.71,1.67,1.68,1.76,1.61,1.62,1.67
Japan,,,,,2.07,2.03,2.19,2.1,1.75,1.5,1.43,1.26,1.08,0.92,0.88,0.9,0.88,0.9,0.88,0.84,0.79,0.77,0.77,0.82,0.84,0.82,0.86,0.91,0.89,0.89,0.89,0.91,0.91,0.92,0.93,0.95,0.96,0.96,0.96,0.97,0.95,0.94,0.94,0.94,0.95,0.95,0.92,0.92,0.91,0.92,0.94,0.95,0.92,0.93,0.94,0.94,0.93,0.92,0.9,0.88,0.91,0.97,0.95,0.97,0.96,0.94,0.96,0.95,0.93,0.91,0.96,0.99,1.02,1.02,1.11,1.2
"Korea, South",,,,,,2.36,5.85,6.24,8.33,6.8,7.43,7.64,7.16,6.73,6.87,4.82,4.13,4.41,4.69,4.69,4.73,4.69,4.4,4.73,5.01,4.03,4.54,4.88,5.91,6.03,6.37,5.53,6.4,6.42,6.24,5.73,5.25,5.23,4.95,4.47,4.28,4.29,4.0,3.71,3.69,3.42,3.19,2.89,2.74,2.66,2.79,2.49,2.46,2.43,2.32,2.33,2.33,2.47,2.49,2.47,2.49,2.6,2.46,2.47,2.5,2.5,2.53,2.49,2.46,2.42,2.5,2.67,2.8,2.8,2.77,2.81
Mongolia,,,,,,,,,,,,,,,,,,,,,,,,,,,,,,,,,,,,,,,,5.83,6.34,6.25,4.28,3.23,1.91,1.71,1.65,1.62,1.78,1.64,1.91,1.84,2.02,1.78,1.8,1.51,1.38,1.02,0.96,1.05,0.82,0.63,0.76,0.84,0.92,0.82,0.86,0.88,0.86,0.76,0.67,0.66,0.71,0.62,0.51,0.6
Taiwan,,,,,,,,,,,,,,,,,,,,,,,,,,,,,6.24,6.92,7.02,7.58,7.29,6.65,6.99,6.34,5.73,6.09,5.44,4.93,5.14,5.28,5.22,4.97,4.69,4.96,4.66,4.11,4.02,3.72,3.29,2.88,2.65,2.66,2.44,2.35,2.25,2.13,1.97,2.0,2.15,2.33,2.04,2.06,2.12,1.94,1.85,1.87,1.82,1.82,1.74,1.82,1.9,1.87,1.97,2.17
Brunei,,,,,,,,,,,,,,,,,,,,,,,,5.0,3.82,3.28,2.03,3.53,4.76,4.14,4.6,6.12,2.89,3.56,3.96,3.05,2.57,2.89,4.67,3.79,6.63,6.21,6.44,6.4,6.25,5.74,5.98,5.48,6.25,7.18,7.53,6.13,4.07,3.89,3.87,3.71,2.53,2.35,2.3,2.38,2.26,2.94,2.85,2.24,2.16,2.28,3.09,3.28,3.54,2.87,2.64,3.08,3.63,3.24,2.61,2.97
Cambodia,,,,,,,,,,,,,,,,,,,,,,,,,,,,,,,,,,,,,,,1.15,1.57,1.28,1.99,2.07,2.33,3.15,1.76,3.84,3.58,3.24,3.0,2.66,2.51,2.21,1.77,1.52,1.45,1.3,1.13,1.04,0.91,0.8,1.31,1.49,1.5,1.55,1.58,1.66,1.8,1.91,2.07,2.21,2.2,2.4,2.32,2.09,2.09
Indonesia,,,,,,,,,,,,,,,,,,,,,,,,,,,2.71,3.49,3.42,3.21,3.16,3.02,2.92,2.88,2.9,2.4,2.29,2.17,2.01,1.72,1.53,1.39,1.41,1.32,1.36,1.22,1.27,1.23,1.26,1.5,1.02,0.81,0.68,0.57,0.7,0.91,0.95,0.75,0.66,0.71,0.58,0.57,0.62,0.65,0.71,0.92,0.78,0.88,0.79,0.87,0.72,0.73,0.89,0.74,0.77,0.68
Laos,,,,,,,,,,,,,,,,,,,,,,,,,,,,,,,,,,,,,,,,,,,,,8.68,8.11,7.52,5.83,4.19,3.84,2.59,1.06,0.79,0.72,0.58,0.49,0.43,0.39,0.34,0.31,0.27,0.22,0.2,0.21,0.2,0.19,0.19,0.19,0.19,0.19,0.19,0.19,0.19,0.19,0.19,0.19
Malaysia,,,,,,,,3.85,3.5,3.75,4.06,3.08,2.68,2.23,2.19,2.42,3.16,4.01,4.73,4.5,4.45,3.92,5.17,5.37,4.98,3.87,4.18,4.72,3.98,4.85,3.71,3.67,4.23,5.79,5.37,4.42,3.75,3.45,3.22,4.15,2.43,2.62,2.56,3.2,2.99,2.88,2.85,2.75,2.4,2.09,1.61,2.1,1.63,2.08,2.22,2.61,2.26,2.17,2.01,1.96,1.82,1.87,1.49,1.55,1.41,1.5,1.46,1.5,1.38,1.1,0.96,0.89,1.0,0.98,0.9,0.93
Myanmar,,,,,,,,,,,,,,6.12,5.69,6.85,6.02,6.7,6.13,5.2,5.02,5.31,5.6,5.65,5.45,5.11,4.02,3.77,3.79,4.04,3.92,3.56,3.42,3.46,3.22,3.07,2.92,2.98,2.88,1.97,2.14,2.96,3.4,3.17,3.35,3.52,3.54,3.68,3.49,2.31,2.01,1.73,2.0,1.56,1.13,1.67,1.66,1.35,1.7071428571428573,2.0642857142857145,2.4214285714285717,2.7785714285714285,3.1357142857142857,3.492857142857143,3.85,4.0,3.79,4.3,4.09,3.64,2.36,2.19,2.99,4.25,4.09,3.79
Philippines,,,,,,,,,,,1.96,1.84,1.78,1.7,1.81,1.86,1.7,1.55,1.65,1.74,1.87,2.09,2.16,2.07,2.34,2.81,3.56,3.745,3.93,3.62,2.58,2.96,2.71,2.76,2.6,2.41,1.63,1.98,1.99,1.97,2.46,2.24,2.15,2.01,2.04,2.16,2.17,2.29,2.27,1.91,1.7,1.62,1.61,1.47,1.47,1.55,1.36,1.28,1.26,1.29,1.25,1.2,1.17,1.15,1.11,1.19,1.04,1.09,1.05,1.17,1.18,1.13,1.3,1.41,1.32,1.25
Singapore,,,,,,,,,,,,,,,,,,,,,,,5.4,5.64,5.09,4.7,4.29,4.65,5.04,5.68,5.2,4.65,4.64,4.74,4.65,4.07,4.7,5.66,5.44,4.87,4.55,4.49,4.63,4.45,4.47,4.09,3.79,4.18,4.25,4.45,5.21,5.21,4.52,4.83,4.92,4.87,4.42,4.28,3.92,3.6,3.85,3.88,3.38,3.19,3.11,3.04,3.05,3.05,3.1,2.97,2.81,2.76,2.81,2.6,2.58,2.66
Thailand,,,,,,,,,,3.58,3.25,3.01,2.47,2.1,2.63,2.62,2.43,2.33,2.17,2.43,2.75,2.99,3.07,3.56,3.47,2.88,2.66,2.8,3.13,3.48,3.92,4.38,4.24,4.06,4.12,3.95,4.06,4.19,3.8,3.36,2.93,2.68,2.59,2.65,2.66,2.52,2.5,2.27,2.15,2.17,1.86,1.62,1.49,1.43,1.33,1.23,1.13,0.99,0.95,1.02,1.25,1.54,1.52,1.39,1.39,1.35,1.38,1.34,1.32,1.33,1.33,1.33,1.46,1.42,1.24,1.17
Timor Leste,,,,,,,,,,,,,,,,,,,,,,,,,,,,,,,,,,,,,,,,,,,,,,,,,,,,,,,,,,1.78,3.77,4.37,3.65,5.02,2.99,1.97,2.88,2.27,2.05,2.32,1.59,1.59,1.32,1.7,1.78,1.08,1.11,1.26
Viet Nam,,,,,,,,,,,,,,,,,,,,,,,,,,,,,,,,,,,,,,,,3.95,7.1,7.29,7.91,5.6,3.37,2.26,2.65,2.592222222222222,2.5344444444444445,2.4766666666666666,2.4188888888888886,2.361111111111111,2.3033333333333332,2.2455555555555553,2.187777777777778,2.13,2.01,1.78,1.94,2.3,2.16,2.27,1.82,1.56,1.72,1.74,1.82,1.91,1.95,1.8,1.81,1.81,1.81,1.81,1.81,1.81
Kazakhstan,,,,,,,,,,,,,,,,,,,,,,,,,,,,,,,,,,,,,,,,,,,,,,1.06,0.84,1.03,1.2,1.11,1.15,0.82,0.78,1.0,1.0,1.03,0.99,1.04,0.98,1.3,1.15,1.1,1.01,0.94,1.05,1.08,1.04,1.11,0.93,0.83,0.84,1.02,0.91,0.82,0.52,0.48
Kyrgyz Republic,,,,,,,,,,,,,,,,,,,,,,,,,,,,,,,,,,,,,,,,,,,,,0.85,0.83,1.09,1.79,1.55,1.76,1.59,1.85,1.88,1.45,1.62,1.7,1.68,1.61,1.67,1.34,1.19,1.43,1.61,1.39,1.63,1.62,1.71,1.75,1.7,1.58,1.54,1.38,1.58,2.84,3.05,3.62
Tajikistan,,,,,,,,,,,,,,,,,,,,,,,,,,,,,,,,,,,,,,,,,,,,,0.0,0.0,0.0,1.1,1.29,1.7,1.71,1.39,0.6,0.58,1.05,1.12,1.13,1.1025,1.075,1.0474999999999999,1.02,0.95,0.95,1.09,1.0,1.065,1.13,1.28,1.21,1.04,1.05,1.0,0.95,1.02,2.0,1.22
Turkmenistan,,,,,,,,,,,,,,,,,,,,,,,,,,,,,,,,,,,,,,,,,,,,,,,1.8,2.32,2.04,3.96,3.11,2.9,2.9,2.9,2.9,2.9,2.9,2.9,2.9,2.9,2.9,2.9,2.9,2.9,2.9,2.9,2.9,2.9,2.9,2.9,2.9,2.9,2.9,2.9,2.9,2.9
Uzbekistan,,,,,,,,,,,,,,,,,,,,,,,,,,,,,,,,,,,,,,,,,,,,,,,1.53,1.11,1.23,1.4,1.52,1.64,1.15,0.83,0.6,0.54,0.7413333333333334,0.9426666666666668,1.1440000000000001,1.3453333333333335,1.5466666666666666,1.748,1.9493333333333334,2.150666666666667,2.352,2.5533333333333332,2.7546666666666666,2.956,3.1573333333333333,3.3586666666666667,3.56,3.56,3.56,3.56,3.56,3.56
Albania,,,,,,,,,,,,,,,,,,,,,,,,,,,,,,,,,6.05,5.85,5.65,5.44,6.12,5.65,5.63,5.86,5.62,5.17,5.89,5.79,4.67,3.2,2.55,2.05,1.38,1.28,1.24,1.25,1.25,1.31,1.32,1.34,1.38,1.35,1.57,1.82,1.98,1.52,1.56,1.53,1.49,1.41,1.35,1.16,1.1,1.11,1.16,1.28,1.3,1.24,1.21,1.74
Bosnia and Herzegovina,,,,,,,,,,,,,,,,,,,,,,,,,,,,,,,,,,,,,,,,,,,,,,,,,,,,,,,3.9,2.42,1.89,1.54,1.39,1.24,1.22,1.38,1.28,1.14,1.15,1.09,1.03,0.99,0.92,0.85,0.84,0.81,0.83,0.74,0.68,0.81
Bulgaria,,,,,,,,,,,,,,,,,,,,,,,,,,,,,,,,,,,,,,,,,,4.4,3.83,3.04,2.97,2.61,2.49,2.37,2.4,2.43,2.45,2.65,2.65,2.86,2.78,2.69,2.37,2.24,2.08,2.23,2.13,1.74,1.64,1.31,1.33,1.45,1.31,1.25,1.24,1.22,1.45,3.13,1.59,1.52,1.59,1.85
Croatia,,,,,,,,,,,,,,,,,,,,,,,,,,,,,,,,,,,,,,,,,,,,,7.61,10.73,11.15,9.18,8.16,7.52,5.6,4.42,3.02,2.7,2.71,2.03,1.74,1.75,1.67,1.62,1.83,1.79,1.67,1.74,1.66,1.62,1.82,1.75,1.59,1.64,1.55,1.6,1.7,1.97,1.79,1.78
Czechia,,,,,,,,,,,,,,,,,,,,,,,,,,,,,,,,,,,,,,,,,,,,,,2.33,2.28,1.84,1.73,1.66,1.83,1.86,1.88,1.75,1.82,1.89,1.71,1.78,1.57,1.42,1.23,1.31,1.19,1.08,1.06,1.02,0.97,0.95,1.0,0.96,1.09,1.15,1.32,1.4,1.38,1.52
Czechoslovakia,,,,,,,,,,,,,,,,,,,,,,,,,,,,,,,,,,,,,,,,,,,,,,,,,,,,,,,,,,,,,,,,,,,,,,,,,,,,
Estonia,,,,,,,,,,,,,,,,,,,,,,,,,,,,,,,,,,,,,,,,,,,,,,0.76,1.04,0.96,0.87,1.05,1.07,1.29,1.38,1.5,1.67,1.74,1.7,1.45,1.39,1.66,1.77,1.8,1.7,1.68,1.9,1.91,1.93,2.03,2.07,2.01,2.01,2.04,2.3,2.03,2.16,2.87
German Democratic Republic,,,,,,,,,,,,,,,,,,,,,,,,,,,,,,,,,,,,,,,,,,,,,,,,,,,,,,,,,,,,,,,,,,,,,,,,,,,,
Hungary,,,,,,,,,,,,,,,,,,,,,,,4.03,3.74,3.27,3.01,3.21,3.34,3.01,2.96,3.24,3.24,3.34,3.33,3.24,3.34,3.15,4.97,3.22,3.16,3.6,2.79,2.56,2.16,2.18,1.91,1.82,1.32,1.26,1.48,1.27,1.43,1.51,1.57,1.59,1.64,1.47,1.41,1.22,1.27,1.18,1.13,1.02,1.04,1.03,0.94,0.86,0.9,1.0,1.19,1.01,1.34,1.76,1.32,1.84,2.13
Kosovo,,,,,,,,,,,,,,,,,,,,,,,,,,,,,,,,,,,,,,,,,,,,,,,,,,,,,,,,,,,,,0.02,0.48,0.72,0.8,0.7,0.72,0.76,0.79,0.78,0.8,0.8,0.83,1.02,0.85,1.14,1.25
Latvia,,,,,,,,,,,,,,,,,,,,,,,,,,,,,,,,,,,,,,,,,,,,,,0.74,0.84,0.81,0.64,0.58,0.59,0.75,0.88,1.04,1.54,1.61,1.6,1.61,1.71,1.55,1.62,1.38,1.08,1.07,0.91,0.94,0.94,1.04,1.45,1.59,2.06,2.02,2.16,2.09,2.09,2.27
Lithuania,,,,,,,,,,,,,,,,,,,,,,,,,,,,,,,,,,,,,,,,,,,,,,0.81,0.49,0.45,0.5,0.75,1.23,0.97,1.22,1.36,1.27,1.12,1.2,1.16,1.17,1.11,1.13,1.08,0.88,0.79,0.77,0.76,0.88,1.14,1.48,1.71,1.97,2.0,2.07,1.96,2.45,2.72
North Macedonia,,,,,,,,,,,,,,,,,,,,,,,,,,,,,,,,,,,,,,,,,,,,,,,,,2.81,2.13,2.1,1.71,1.85,6.1,2.65,2.34,2.38,2.03,1.84,1.95,1.74,1.69,1.38,1.26,1.23,1.17,1.09,0.99,0.97,0.9,0.94,1.16,1.24,1.47,1.62,1.7
Montenegro,,,,,,,,,,,,,,,,,,,,,,,,,,,,,,,,,,,,,,,,,,,,,,,,,,,,,,,,,,2.69,2.29,1.74,1.87,1.84,1.81,1.75,1.66,1.45,1.47,1.4,1.41,1.36,1.37,1.33,1.74,1.56,1.61,1.63
Poland,,,,,,,,,,,,,,,,,,,,,,,,,,,,,,,,,2.65,2.91,3.25,2.9,3.06,3.02,2.94,2.76,2.59,1.82,2.61,2.25,2.23,2.47,2.27,1.96,1.97,2.03,2.02,1.9,1.83,1.91,1.9,1.91,1.87,1.93,1.92,2.0,1.75,1.8,1.85,1.8,1.81,1.8,1.92,2.14,1.95,1.9,2.04,1.98,2.29,2.24,2.23,3.83
Romania,,,,,,,,,,,,,,,,,,,,,,,,,,,,,,,,,2.2,2.2,2.04,1.99,1.91,4.3,4.45,3.91,4.21,4.8,4.55,4.77,4.25,2.74,3.11,2.61,2.37,3.02,3.0,2.64,2.5,2.42,2.29,2.09,2.01,2.01,1.85,1.49,1.4,1.28,1.23,1.24,1.17,1.29,1.35,1.45,1.43,1.73,1.79,1.84,2.01,1.85,1.72,1.61
Serbia,,,,,,,,,,,,,,,,,,,,,,,,,,,,,,,,,,,,,,,,,,,,,,,,,3.51,3.79,3.51,4.01,5.15,4.03,4.21,3.45,2.97,2.27,2.17,2.25,2.13,2.16,2.09,2.0,1.97,1.9,1.94,1.83,1.74,1.91,1.64,2.53,2.38,2.31,2.71,2.85
Slovakia,,,,,,,,,,,,,,,,,,,,,,,,,,,,,,,,,,,,,,,,,,,,,,2.0,1.94,3.15,2.97,2.28,1.74,1.57,1.66,1.84,1.78,1.84,1.65,1.68,1.59,1.48,1.46,1.52,1.25,1.07,1.08,0.98,0.98,1.11,1.12,1.1,1.22,1.7,1.92,1.74,1.81,2.02
Slovenia,,,,,,,,,,,,,,,,,,,,,,,,,,,,,,,,,,,,,,,,,,,,,2.25,1.82,1.65,1.57,1.54,1.4,1.36,1.21,1.09,1.3,1.39,1.4,1.43,1.42,1.54,1.44,1.49,1.59,1.6,1.29,1.17,1.05,0.97,0.93,1.0,0.98,0.98,1.05,1.06,1.23,1.29,1.34
Yugoslavia,,,,,,,,,,,,,,,,,,,,,,,,,,,,,,,,,,,,,,,,,,,,,,,,,,,,,,,,,,,,,,,,,,,,,,,,,,,,
Armenia,,,,,,,,,,,,,,,,,,,,,,,,,,,,,,,,,,,,,,,,,,,,,2.2,2.3,3.1799999999999997,4.06,3.28,3.91,3.53,3.7,3.56,3.13,2.7,2.73,2.74,2.87,2.95,3.04,3.4,4.16,4.27,3.85,3.58,4.0,3.94,4.24,4.09,3.85,4.12,4.79,4.98,4.47,4.08,5.45
Azerbaijan,,,,,,,,,,,,,,,,,,,,,,,,,,,,,,,,,,,,,,,,,,,,,2.4,5.0,1.95,2.74,2.25,2.32,2.41,2.63,2.27,2.31,2.24,2.43,2.63,2.3,3.42,2.86,3.29,3.33,2.79,4.67,4.66,4.54,4.56,5.46,3.69,3.76,3.55,3.85,5.24,4.93,3.8,4.6
Belarus,,,,,,,,,,,,,,,,,,,,,,,,,,,,,,,,,,,,,,,,,,,,,1.62,2.79,3.62,1.7,1.26,1.77,1.5,1.37,1.35,1.44,1.4,1.3,1.36,1.5,1.71,1.65,1.45,1.37,1.34,1.22,1.23,1.27,1.04,1.14,1.52,1.37,1.54,1.4,1.4,1.37,1.65,1.8
Georgia,,,,,,,,,,,,,,,,,,,,,,,,,,,,,,,,,,,,,,,,,,,,,,,,,2.21,1.25,1.14,0.92,0.62,0.74,1.0,1.07,1.37,3.34,5.22,9.16,8.52,5.61,3.71,3.1,2.98,2.57,2.36,2.0,2.08,1.97,1.9,1.78,1.81,1.61,1.47,1.68
Moldova,,,,,,,,,,,,,,,,,,,,,,,,,,,,,,,,,,,,,,,,,,,,,,0.53,0.77,0.93,0.91,0.9,0.62,0.51,0.39,0.4,0.42,0.42,0.36,0.4,0.48,0.52,0.61,0.46,0.26,0.27,0.27,0.28,0.29,0.3,0.34,0.32,0.33,0.36,0.39,0.38,0.33,0.55
Russia,,,,,,,,,,,,,,,,,,,,,,,,,,,,,,,,,,,,,,,,,,,,,4.43,4.18,4.52,3.78,3.76,4.04,2.73,3.07,3.31,3.55,3.76,3.67,3.3,3.33,3.25,3.12,3.15,3.92,3.59,3.43,3.69,3.85,4.11,4.87,5.43,4.25,3.72,3.86,4.17,3.61,4.69,5.86
Ukraine,,,,,,,,,,,,,,,,,,,,,,,,,,,,,,,,,,,,,,,,,,,,,,0.43,2.42,2.73,3.18,3.99,3.24,2.88,3.51,2.77,2.68,2.75,2.51,2.79,2.77,2.87,2.67,2.84,2.74,2.26,2.35,2.39,2.97,3.85,3.67,3.24,3.64,4.07,4.4,3.43,25.88,36.65
USSR,,,,,,,,,,,,,,,,,,,,,,,,,,,,,,,,,,,,,,,,,,,,,,,,,,,,,,,,,,,,,,,,,,,,,,,,,,,,
Austria,,,,,,,,,,1.63,1.81,1.7,1.46,1.31,1.35,1.58,1.89,1.51,1.62,1.61,1.54,1.5,1.38,1.25,1.2,1.18,1.28,1.45,1.37,1.35,1.43,1.43,1.42,1.38,1.41,1.39,1.41,1.51,1.51,1.42,1.3,1.23,1.2,1.15,1.1,1.12,1.09,1.07,1.05,1.05,1.02,0.98,0.98,0.91,0.88,0.91,0.89,0.85,0.79,0.9,0.87,0.83,0.82,0.79,0.78,0.75,0.75,0.7,0.73,0.76,0.75,0.75,0.88,0.87,0.77,0.84
Belgium,,,,,,4.86,4.88,3.78,3.56,3.61,3.57,3.52,3.4,3.26,3.28,3.22,3.21,2.97,3.11,3.13,3.12,2.93,2.92,2.9,2.88,2.84,2.76,3.07,3.09,3.14,3.26,3.26,3.25,3.37,3.27,3.19,3.01,2.93,2.95,2.9,2.63,2.46,2.36,2.29,1.83,1.74,1.68,1.57,1.54,1.48,1.46,1.39,1.34,1.28,1.22,1.21,1.15,1.1,1.06,1.1,1.22,1.17,1.09,1.05,1.04,1.01,0.97,0.91,0.89,0.88,0.89,0.89,1.01,1.04,1.18,1.21
Cyprus,,,,,,,,,,,,,,,,,,,,,,,,,,,,,,,,,,,,,,1.27,1.58,5.39,5.7,5.37,7.37,7.26,9.13,4.07,4.02,3.04,4.52,5.57,4.68,2.73,2.82,3.15,2.13,1.99,1.96,2.04,1.9,1.68,1.63,1.82,1.85,1.74,1.65,1.61,1.54,1.65,1.4,1.57,1.76,1.79,1.92,1.84,1.82,1.82
Denmark,,,1.66,2.05,2.74,3.36,3.19,3.18,3.03,3.08,2.88,2.59,2.73,2.59,3.02,3.04,2.84,2.83,2.64,2.59,2.68,2.39,2.43,2.36,2.18,1.98,2.23,2.4,2.2,2.22,2.27,2.25,2.36,2.44,2.42,2.36,2.24,2.1,1.94,2.03,2.09,2.02,1.95,1.95,1.89,1.91,1.77,1.69,1.64,1.62,1.61,1.56,1.46,1.53,1.51,1.47,1.42,1.31,1.38,1.31,1.36,1.35,1.4,1.31,1.35,1.23,1.15,1.11,1.15,1.14,1.28,1.3,1.38,1.3,1.37,1.95
Finland,,,,,,,,,,,1.71,1.87,1.77,1.84,2.51,1.93,1.86,1.8,1.71,1.62,1.76,1.44,1.38,1.45,1.53,1.45,1.27,1.51,1.34,1.41,1.43,1.48,1.67,1.55,1.64,1.82,1.6,1.68,1.72,1.65,1.61,1.53,1.56,1.78,1.91,1.87,1.76,1.42,1.53,1.54,1.46,1.22,1.24,1.14,1.15,1.45,1.47,1.46,1.44,1.29,1.39,1.56,1.49,1.49,1.53,1.53,1.45,1.45,1.42,1.35,1.36,1.35,1.43,1.29,1.57,2.42
France,,,4.65,5.99,7.23,7.57,6.12,5.38,6.46,6.16,5.69,5.64,5.43,5.3,5.16,4.74,4.54,4.4,4.29,4.3,4.14,3.68,3.46,3.32,3.23,3.14,3.09,3.2,3.16,3.23,3.15,3.14,3.16,3.25,3.22,3.24,3.19,3.14,3.09,3.12,2.96,2.88,2.81,2.81,2.69,2.69,2.66,2.49,2.41,2.38,2.23,2.18,2.09,2.03,2.05,2.1,2.1,2.02,1.98,1.91,1.9,2.1,1.97,1.89,1.87,1.85,1.86,1.87,1.92,1.91,1.84,1.84,2.0,1.91,1.93,2.06
Germany,,,,,,3.97,3.74,3.84,3.41,3.9,2.79,4.17,3.77,3.74,4.5,4.9,4.38,4.09,3.91,4.08,3.41,3.4,3.01,3.06,3.17,3.16,3.26,3.28,3.14,3.04,3.05,2.96,2.96,3.04,3.03,3.03,2.93,2.87,2.79,2.77,2.64,2.53,2.52,2.0,1.86,1.69,1.55,1.5,1.47,1.41,1.39,1.4,1.36,1.32,1.33,1.32,1.27,1.07,1.2,1.17,1.21,1.31,1.27,1.21,1.24,1.19,1.15,1.14,1.15,1.15,1.17,1.26,1.37,1.32,1.38,1.52
Greece,,5.91,6.01,6.64,6.43,5.11,5.49,5.11,5.94,5.0,4.77,4.86,4.86,4.24,4.05,3.82,3.57,3.5,3.58,4.35,4.69,4.79,4.2,4.12,3.96,3.52,4.82,5.85,5.83,5.92,5.58,5.18,4.66,5.74,5.63,5.17,4.84,4.69,4.13,4.26,4.2,3.77,3.8,3.48,3.63,3.6,3.58,3.17,3.31,3.37,3.53,3.36,3.47,3.25,3.08,2.49,2.61,2.84,2.78,2.68,2.98,3.22,2.75,2.52,2.44,2.37,2.35,2.46,2.57,2.56,2.72,2.62,3.07,3.87,4.02,3.23
Ireland,,,,,,,,,,,1.45,1.42,1.33,1.32,1.29,1.24,1.3,1.33,1.23,1.19,1.13,1.1,1.16,1.24,1.33,1.31,1.41,1.63,1.62,1.53,1.48,1.58,1.67,1.58,1.59,1.49,1.41,1.42,1.42,1.28,1.2,1.11,1.2,1.25,1.2,1.14,1.11,1.01,0.99,0.92,0.82,0.75,0.7,0.7,0.63,0.59,0.57,0.54,0.51,0.51,0.58,0.6,0.57,0.54,0.51,0.5,0.46,0.34,0.34,0.31,0.29,0.28,0.27,0.25,0.22,0.22
Italy,,,,3.78,3.99,3.33,3.53,3.25,3.17,3.09,3.04,2.95,2.71,2.57,2.63,2.75,2.73,2.75,2.99,2.77,2.65,2.42,2.06,2.24,2.39,2.2,2.07,1.98,1.83,1.89,1.88,1.87,1.76,1.82,2.01,2.02,2.01,1.94,1.98,2.06,2.07,2.03,1.88,1.86,1.75,1.79,1.71,1.47,1.59,1.63,1.64,1.68,1.74,1.68,1.71,1.71,1.68,1.6,1.52,1.45,1.54,1.55,1.5,1.48,1.43,1.4,1.28,1.21,1.33,1.36,1.36,1.31,1.74,1.68,1.69,1.61
Luxembourg,,,1.21,1.41,2.14,2.61,2.94,2.92,1.71,1.76,1.74,1.59,0.91,1.0,1.16,1.07,1.25,1.22,1.21,1.0,0.83,0.74,0.68,0.71,0.74,0.71,0.69,0.87,0.89,0.91,0.93,0.92,1.04,1.09,1.08,1.09,1.04,0.87,0.83,0.92,0.95,0.79,0.79,0.81,0.83,0.71,0.74,0.6,0.59,0.61,0.64,0.57,0.54,0.68,0.59,0.61,0.61,0.58,0.52,0.5,0.36,0.37,0.44,0.38,0.36,0.36,0.37,0.42,0.38,0.5,0.5,0.55,0.58,0.47,0.63,0.75
Malta,,,,,,,,,,,,,,,,,,,,,,,,,,,,,,,,,,,,,,1.28,1.27,1.46,1.22,1.11,0.91,0.87,0.97,1.0,1.02,0.84,0.87,0.82,0.73,0.68,0.63,0.67,0.64,0.63,0.67,0.82,0.65,0.62,0.62,0.68,0.65,0.58,0.53,0.51,0.49,0.47,0.51,0.48,0.43,0.5,0.57,0.49,0.43,0.56
Netherlands,,,,,,,,,5.79,5.32,4.72,4.02,3.7,4.09,4.12,4.01,3.93,3.57,3.37,3.52,3.26,3.23,2.87,2.84,2.82,2.7,2.65,2.84,2.69,2.95,2.75,2.84,2.78,2.86,3.14,2.85,2.86,2.77,2.73,2.71,2.61,2.52,2.37,2.25,2.21,2.03,1.91,1.79,1.76,1.66,1.58,1.59,1.43,1.44,1.43,1.44,1.43,1.4,1.39,1.35,1.31,1.4,1.33,1.29,1.24,1.17,1.16,1.13,1.16,1.16,1.22,1.32,1.44,1.4,1.35,1.53
Norway,,2.71,2.37,3.05,4.01,5.08,5.0,3.93,3.52,3.59,3.51,3.58,3.2,3.0,3.24,3.21,3.12,3.4,3.57,3.51,3.61,3.6,3.47,3.39,3.29,3.13,3.04,3.21,3.12,3.1,2.84,2.77,2.62,2.62,2.74,2.79,2.54,2.8,2.81,2.98,2.89,2.91,2.89,2.75,2.96,2.69,2.73,2.31,2.16,2.02,2.16,2.04,1.71,1.7,2.08,1.97,1.85,1.58,1.44,1.46,1.37,1.6,1.51,1.44,1.39,1.41,1.46,1.5,1.62,1.71,1.72,1.84,1.97,1.72,1.5,1.61
Portugal,,,2.34,2.39,2.44,2.49,2.58,2.6,2.48,2.47,2.44,2.6,2.56,3.89,4.23,3.96,4.11,3.81,3.85,4.46,4.5,4.14,4.14,4.33,4.06,3.48,4.34,3.1,2.36,2.07,2.09,2.03,2.03,2.0,2.04,1.91,1.86,1.84,1.92,1.86,1.89,1.89,1.84,1.83,1.81,1.79,1.68,1.71,1.6,1.54,1.42,1.43,1.41,1.44,1.46,1.43,1.5,1.59,1.51,1.38,1.42,1.53,1.49,1.49,1.41,1.44,1.31,1.33,1.54,1.24,1.34,1.37,1.43,1.52,1.4,1.52
Spain,,,,,,,2.29,2.31,2.26,2.23,1.93,1.91,2.25,2.03,2.27,1.97,1.93,1.88,2.08,1.85,2.3,2.43,2.29,2.11,2.32,2.11,2.21,2.0,2.32,2.31,2.36,2.5,2.49,2.58,2.66,2.94,2.97,2.95,2.63,2.61,2.49,2.36,2.29,2.13,2.04,2.01,2.0,1.92,1.81,1.72,1.76,1.76,1.73,1.63,1.46,1.42,1.43,1.39,1.37,1.36,1.37,1.36,1.39,1.33,1.42,1.27,1.25,1.27,1.14,1.23,1.25,1.23,1.37,1.35,1.43,1.51
Sweden,,,,,,,,,,,,,3.78,3.72,3.86,3.97,3.87,3.91,3.86,3.61,3.48,3.46,3.36,3.41,3.41,3.28,3.22,3.08,3.0,3.1,3.15,3.12,2.92,2.95,2.85,2.74,2.67,2.67,2.59,2.48,2.45,2.43,2.46,2.32,2.34,2.26,2.13,1.75,1.48,1.91,1.87,1.87,1.82,1.78,1.64,1.6,1.44,1.41,1.32,1.3,1.16,1.16,1.19,1.1,1.13,1.11,1.13,1.07,1.05,1.02,1.03,1.09,1.15,1.19,1.31,1.47
Switzerland,,,,,,,,,,2.83,2.99,2.71,2.34,2.47,2.57,2.52,2.54,2.47,2.53,2.38,2.18,2.2,2.1,2.05,1.97,1.86,1.88,1.9,2.16,2.02,1.97,2.04,1.68,1.66,1.73,1.75,1.7,1.82,1.66,1.56,1.56,1.52,1.57,1.54,1.52,1.37,1.33,1.36,1.28,1.22,1.19,1.09,1.03,0.99,0.96,0.93,0.89,0.83,0.75,0.72,0.72,0.73,0.69,0.69,0.67,0.71,0.63,0.65,0.66,0.67,0.65,0.7,0.77,0.67,0.69,0.7
United Kingdom,,,7.21,8.3,10.37,10.96,10.06,9.09,8.56,7.99,7.62,7.29,7.09,6.92,6.94,6.8,6.6,6.44,6.25,6.24,5.94,5.5,5.2,5.08,5.17,4.91,5.07,5.34,5.18,4.92,4.73,4.68,5.02,4.98,5.38,5.4,5.51,5.32,5.06,4.69,4.21,4.04,3.98,4.12,3.86,3.59,3.38,2.85,2.72,2.56,2.5,2.42,2.37,2.41,2.49,2.55,2.5,2.42,2.37,2.37,2.49,2.65,2.57,2.5,2.42,2.29,2.18,2.05,1.98,1.95,1.94,1.99,2.16,2.07,2.07,2.26
European Union,,,,,,,,,,,,,,,,,,,,,,,,,,,,,,,,,,,,,,,,,,,,,,,,,,,,,,,,,,,,,,,,,,,,,,,,,,,0.01,0.01
Bahrain,,,,,,,,,,,,,,,,,,,,,,,,,,,,1.53,1.75,2.08,4.96,5.89,5.7,6.9,8.54,4.79,4.18,4.59,5.84,5.25,5.6,5.64,5.28,5.7,5.88,5.37,5.11,5.18,5.27,5.07,5.33,5.5,3.96,4.15,4.61,4.66,4.04,3.21,3.1,2.96,2.8,3.61,3.28,3.59,3.84,4.14,4.42,4.64,4.67,4.32,4.04,4.03,4.05,3.55,3.15,3.11
Egypt,,,,,,,,,,,,,,,6.68,8.66,10.33,10.12,8.72,8.91,11.13,14.34,15.99,17.19,13.56,13.51,17.27,15.43,13.73,13.11,9.94,6.47,6.16,7.42,7.19,7.96,8.27,7.86,7.5,6.53,5.06,3.97,3.47,3.61,3.22,3.1,3.15,3.08,2.97,2.84,2.66,2.57,2.55,2.99,3.28,3.18,2.88,2.71,2.61,2.38,2.18,2.03,1.95,1.84,1.65,1.61,1.69,1.72,1.67,1.42,1.25,1.18,1.12,1.12,1.05,0.87
Iran,,,,,,,,,,,,,2.29,2.35,2.31,2.59,2.88,3.25,3.82,4.46,5.18,5.97,5.86,3.05,2.28,1.86,8.75,12.07,11.25,10.19,11.11,5.8,5.34,8.19,7.91,7.1,6.35,6.51,6.08,5.89,6.27,4.56,2.94,2.17,1.79,1.7,2.07,2.15,2.24,2.5,2.63,2.4,2.3,2.42,2.17,2.41,2.83,3.04,3.32,2.65,2.68,3.05,2.79,2.38,2.69,2.18,2.12,2.56,2.8,2.84,2.24,2.11,2.17,2.22,2.11,2.06
Iraq,,,,,,,,,,6.54,6.08,6.71,7.05,6.85,6.91,8.25,7.96,8.87,8.52,8.43,9.22,11.38,11.17,10.52,10.64,12.26,12.49,11.67,11.16,9.81,8.12,6.15,5.51,10.83,10.432173913043478,10.034347826086957,9.636521739130435,9.238695652173913,8.84086956521739,8.443043478260869,8.045217391304348,7.647391304347826,7.249565217391304,6.851739130434782,6.453913043478261,6.056086956521739,5.658260869565217,5.260434782608695,4.862608695652174,4.464782608695652,4.0669565217391295,3.669130434782608,3.2713043478260864,2.8734782608695646,2.475652173913043,2.077826086956521,1.68,2.24,1.9,2.24,2.37,2.9,2.71,2.3,1.9,3.32,2.95,5.41,3.56,3.86,2.79,3.29,3.13,2.31,1.81,2.07
Israel,,,,,,,,,,,,,7.46,7.87,9.16,9.75,8.98,8.57,9.43,15.44,17.43,19.09,23.45,22.8,20.37,27.86,27.66,30.46,29.25,23.09,22.89,19.38,18.92,20.26,18.39,15.55,16.18,16.6,14.77,16.9,15.95,12.45,12.36,15.59,10.93,11.52,10.12,7.92,7.73,7.48,6.98,6.53,6.3,6.51,6.59,6.49,6.36,6.26,6.05,6.37,6.39,6.15,5.94,5.77,5.64,5.46,5.65,5.44,5.43,5.45,5.3,5.09,5.3,4.96,4.46,5.32
Jordan,,,,,,,,,,,,22.54,20.4,16.51,18.15,17.12,14.84,13.41,19.49,23.49,24.06,21.285,18.51,17.15,18.36,18.67,17.51,15.25,17.24,12.53,11.72,12.21,10.65,10.01,9.94,9.85,9.22,10.05,9.77,9.58,9.36,9.07,7.75,9.97,6.92,6.98,6.54,4.45,6.03,6.13,6.27,6.28,6.26,5.89,5.45,6.0,5.14,4.8,4.66,5.85,5.99,6.39,5.74,5.4,4.66,4.19,4.2,4.19,4.44,4.68,4.56,4.57,4.72,4.82,4.9,4.91
Kuwait,,,,,,,,,,,,,,,,,,,,,,,2.39,1.89,2.04,2.52,3.28,3.9499999999999997,4.62,5.29,4.76,3.55,3.31,4.13,5.95,6.83,6.75,6.43,7.24,5.98,8.24,8.54,48.52,117.35,31.79,12.44,13.26,13.58,10.29,8.09,8.8,7.59,7.15,7.7,7.4,6.54,5.8,4.34,3.54,3.59,3.01,3.97,3.76,3.5,3.41,3.27,3.59,5.01,5.89,5.61,5.19,5.42,6.57,6.59,4.73,4.9
Lebanon,,,,,,,,,,,,,,,,,3.66,3.89,4.16,4.84,4.84,4.64,4.34,4.0,5.09,3.82,6.586666666666666,9.353333333333332,12.12,4.73,8.49,10.07,12.36,9.58,9.29,13.46,10.97,6.29,5.26,1.12,1.19,4.369999999999999,7.55,5.15,7.98,6.01,7.0,6.71,5.66,4.31,4.02,4.77,5.39,5.45,4.75,4.68,4.51,4.48,4.58,4.63,4.0,4.02,4.13,4.06,3.99,4.17,4.68,4.49,5.06,4.51,4.85,4.24,3.03,3.37,2.92,8.91
Oman,,,,,,,,,,,,,,,,,,,,,,,,9.65,14.86,18.6,15.53,24.96,23.01,18.78,20.95,15.64,14.91,15.71,16.67,17.16,16.89,15.56,15.87,13.2,13.7,12.5,12.39,11.06,12.18,11.53,11.77,10.97,9.41,9.36,8.22,7.52,7.09,8.2,8.1,7.96,7.86,7.71,7.1,6.72,4.96,6.07,5.65,6.45,10.58,9.75,8.86,9.57,10.56,8.41,8.27,7.44,8.03,6.56,5.04,5.4
Qatar,,,,,,,,,,,,,,,,,,,,,,,,,,,,,,,,,7.87,12.22,19.28,13.96,12.73,24.85,20.37,15.89,16.27,13.08,10.74,13.01,12.184545454545454,11.35909090909091,10.533636363636363,9.708181818181817,8.882727272727273,8.057272727272727,7.2318181818181815,6.406363636363636,5.580909090909091,4.755454545454546,3.93,3.33,2.43,1.99,1.75,1.96,2.01,1.99,1.47,1.9227272727272728,2.3754545454545455,2.828181818181818,3.280909090909091,3.733636363636364,4.1863636363636365,4.63909090909091,5.091818181818182,5.544545454545455,5.997272727272728,6.45,6.96,6.96
Saudi Arabia,,,,,,,,,,,,,,,,5.9,5.97,7.69,11.32,11.51,8.09,9.57,9.4,8.64,10.08,10.84,12.0425,13.245000000000001,14.4475,15.65,16.74,15.77,12.61,13.27,17.72,16.97,19.0,17.0,16.95,16.9,15.15,13.39,14.02,12.47,11.28,12.47,10.64,9.28,8.47,11.0,14.31,11.38,10.53,11.42,9.76,8.69,8.08,7.73,7.85,8.53,7.35,9.62,8.57,7.17,7.62,8.89,10.54,13.02,9.56,9.85,8.81,7.79,8.79,7.23,6.4,7.09
Syria,,,,,,,,,,,,,10.52,9.54,13.47,11.055,8.64,8.88,7.75,8.21,12.16,10.83,11.22,8.44,10.77,15.07,12.66,15.95,14.73,14.5,14.71,15.93,17.25,14.55,15.56,14.64,17.69,16.56,14.45,11.22,7.85,7.97,6.87,10.43,8.99,7.24,7.36,6.95,6.04,5.88,5.81,5.81,5.45,5.48,5.41,6.25,5.54,5.03,4.39,4.1,3.55,4.03,4.06,4.06,4.06,4.06,4.06,4.06,4.06,4.06,4.06,4.06,4.06,4.06,4.06,4.06
Trkiye,,,,,,,,,,,,,3.53,3.76,3.71,3.39,3.42,3.55,3.14,3.26,3.28,3.08,3.26,3.5,3.45,3.35,3.19,5.12,4.94,4.71,4.19,3.36,3.9,3.82,4.3,3.94,3.6,3.53,3.64,3.33,2.93,3.15,3.53,3.75,3.87,3.92,4.05,3.9,4.14,4.1,3.18,3.89,3.66,3.6,3.8,3.3,2.7,2.41,2.36,2.22,2.2,2.49,2.27,2.03,2.01,1.92,1.87,1.81,2.05,2.05,2.52,2.69,2.43,1.9,1.19,1.5
United Arab Emirates,,,,,,,,,,,,,,,,,,,,,,,,,,,,,,,,,,,,,,,,,,,,,,,,,,6.76,8.63,7.67,8.32,5.61,4.88,4.69,4.61,3.66,3.23,3.28,3.67,5.46,6.04,5.47,5.08,6.03,5.64,5.64,5.64,5.64,5.64,5.64,5.64,5.64,5.64,5.64
"Yemen, North",,,,,,,,,,,,,,,,,,,,,,,,,,,,,,,,,,,,,,,,,,,,,,,,,,,,,,,,,,,,,,,,,,,,,,,,,,,,
Yemen,,,,,,,,,,,,,,,,,,,,,,,,,,,,,,,,,,,,,,,,,,,6.55,7.01,7.28,7.06,8.4,6.35,5.28,5.81,6.08,5.17,4.92,5.48,6.9,6.85,5.3,4.87,4.31,4.85,4.45,5.65,4.69,4.93,4.57,4.08,3.97,3.97,3.97,3.97,3.97,3.97,3.97,3.97,3.97,3.97
